Old_Accuracy,New_Accuracy,Improved,Total_Records
0.9717798267672534,0.9667504889633975,False,17894
